$\gamma^b$,$\gamma^b$,$I_{cell}^b [pg/islet]$,$I_{cell}^b [pg/islet]$,$G^b [mM]$,$G^b [mM]$
10.996546047265397,3.3185766974064266,2.355890850993134,1.5142877328239595,3.2470245069397086,1.8004354129543103
10.99275434029808,2.571455514122154,2.709834607544453,1.2170760855059832,3.2969712997092397,1.4007644573689817
10.998080769904877,2.2859072192483376,3.0623972104526014,1.1271073450437519,3.344594613440597,1.2505417437823034
10.99903059894597,2.1529508843280163,3.414167787588661,1.1104680965365858,3.3905257829367836,1.183714199883843
10.999015129634442,2.0870389551983126,3.7619886628031365,1.1279954187347194,3.4392587036021136,1.1543373977224194
10.99171855693915,2.051548507361192,4.107281201075319,1.1605279553217414,3.48591935750827,1.1419097227744495
10.990756507287097,2.038058066512614,4.450681603383346,1.2048995549400403,3.5336104133092374,1.1418752604318847
10.99134299585565,2.0268385297832725,4.793781822415352,1.249288470215987,3.581376443185914,1.1431650137607867
10.980767730802851,2.016498007977706,5.134957721466992,1.2932225518605236,3.629475484170579,1.145437412992737
10.981255189191995,2.010818274264733,5.471176612538168,1.3377081039799408,3.674696999380995,1.1496820083267387
10.981655769851992,2.0130723519898734,5.807450398794931,1.3852895331202397,3.721316940697976,1.158440753806522
10.98088160700583,2.0181355461628536,6.1435679154557,1.4333405724259487,3.769008354839865,1.1689295971882139
10.972681649308313,2.016772564026955,6.475160569995678,1.4758582973988514,3.814889448534723,1.175801302887977
10.964398345549661,2.017336638290802,6.806575095109761,1.518448877813246,3.8618535349402383,1.1838981598686007
10.965765928695586,2.0198805941964544,7.134309065534208,1.5609625837894137,3.9070917185587573,1.1926532375179466
10.966417842518183,2.0174826471013327,7.460474351593519,1.5980183782848802,3.9539351827167475,1.198499610432422
10.962915403982343,2.014781563062745,7.782283836504045,1.6332858803649066,4.001443059363779,1.20425997256902
10.965021064417552,2.0165019096099908,8.105157578476962,1.6718565950096902,4.0484550711585205,1.212580168188617
10.964265593248387,2.0177786967434037,8.427497155223453,1.7090837578208438,4.0953921601879415,1.2206304275896014
10.966972969746147,2.018484152896265,8.744854974364271,1.7443780200508106,4.140831929683663,1.2279647511161838
10.962306249658827,2.0165676002949233,9.057056992207668,1.7764689374724056,4.18794089069251,1.2340267149023574
10.963989431060035,2.0171855200860422,9.368765086779012,1.809853966820506,4.235008637404535,1.2414498278626305
10.9610530660336,2.0189561864851258,9.675734926700022,1.8434998828349083,4.280544849168455,1.2495388120016488
10.95842714437844,2.0164342071757253,9.987192278959105,1.872867602721451,4.325423103659173,1.2548687958055667
10.95809096425821,2.0157651276737787,10.29496935722293,1.902668476199375,4.371269832250772,1.2612028187840476
10.951164283953835,2.0160343539718095,10.600371739610901,1.9336386997009953,4.417000063905117,1.2684625259702749
10.956334270447941,2.016510919526073,10.901480491533228,1.9631033841398016,4.463696633812033,1.2754182137209744
10.960710096517996,2.01790919813585,11.200938944931838,1.9925364125585563,4.510069707378056,1.282815439923467
10.961790323115194,2.0118359551076956,11.499751048950332,2.014390863889422,4.556127707120615,1.2855409581785928
10.964368820634459,2.011551764801976,11.800495720151805,2.041545059793554,4.603041441304253,1.291947498672328
10.95945070915867,2.008177566787334,12.096543231085123,2.0654394507837748,4.64993555022194,1.2966475949498872
10.962543852255985,2.0069954605861113,12.385095397425987,2.0900513874936353,4.696250410808478,1.3023327419392865
10.963112713894605,2.00630732636034,12.680600346086514,2.1152294065198802,4.739879681051028,1.3081241557354921
10.964620747678968,2.007547939474057,12.966847184016332,2.141694906908396,4.7847080177687245,1.3151882119228693
10.964154236195508,2.007829364667965,13.25687925234962,2.1670082656439753,4.829725410377221,1.3216791498755924
10.960615448356457,2.0109923289374034,13.546222172624153,2.1951679140925324,4.874887597448899,1.3301471258872202
10.959829849496174,2.01014229698071,13.826224333889616,2.218416795212799,4.9192312199249395,1.335862252440628
10.9611837607371,2.0160152416819,14.108687365712418,2.2484454792384945,4.963018480677606,1.3458058693287027
10.965254304509063,2.013684694744863,14.384292285187183,2.2687437246943407,5.008639115083551,1.3503401777412565
10.96652249583877,2.0189397002178726,14.661769588832987,2.2974186338553024,5.053408978383851,1.3599533540278446
10.967880473160308,2.019097369286162,14.934527173292151,2.3198381312180554,5.096660155119906,1.3659663545155327
10.970121636800895,2.0158518298523376,15.2102828576952,2.338152871346721,5.1407479824986595,1.3696733550819478
10.974808137241759,2.012241382736878,15.480617212037675,2.355117476270485,5.182880074785654,1.372734844355799
10.978873309551833,2.0141182148791765,15.752713306858348,2.3784144515298222,5.2291757870543805,1.3799070853820623
10.975890153164839,2.0174089799455746,16.02155186840194,2.403517063182901,5.272798936573873,1.3881179392089995
10.975265874144418,2.012650177699938,16.285380879614372,2.4185390033179566,5.317153610345547,1.3907834536654575
10.977837646043014,2.0125545835421748,16.55693163320914,2.4389519442708325,5.3609280802354595,1.3964467950562844
10.982984022856044,2.013029207182182,16.81832197865453,2.4592615855852724,5.401992822999673,1.402099730818424
10.98724360612998,2.0125123102770655,17.07477358954822,2.4777747356034494,5.445716419879612,1.4072092258206632
10.99082956955161,2.017887956329199,17.334363345841517,2.5035036236081094,5.4885930173154405,1.4163952543169245
10.996821732030204,2.0145538281793427,17.592140004551705,2.517971907176526,5.533089812791201,1.419475045641125
11.007942361870615,2.0179314127836707,17.846306876308226,2.539847779655873,5.577721958226835,1.4269910099517893
11.012711261210983,2.019793017451733,18.092858372070303,2.559966409010521,5.620891357658052,1.4336118452539097
11.016780137959799,2.023234780889802,18.349044458989074,2.5823220090010297,5.663935156953996,1.4413490051693574
11.02005036279326,2.0206160085521336,18.59324876032772,2.596413019339333,5.707913079671669,1.444869115129891
11.02835295356953,2.021478952490265,18.842148337989496,2.6145950031904803,5.74921032030308,1.4504269977022934
11.031321360696037,2.0241857004974624,19.086166268387085,2.6350699625938154,5.793012540506985,1.4576403390252521
11.034410906791134,2.0203084994246923,19.31943360677169,2.6465039195918068,5.83507040880479,1.4600210222680083
11.037959330312765,2.0167166565195496,19.562436226179884,2.658467671416898,5.878090910645807,1.4626562485212173
11.039513512489972,2.0197093258915064,19.80522762361639,2.6792347988301897,5.922034381846006,1.470247958630721
11.042710313953533,2.0239544782482377,20.044045149235036,2.7010386950608014,5.9627569896385175,1.4783196030594508
11.042627329213012,2.019392540518311,20.277622001808346,2.711143083656998,6.004294651996337,1.4801612050517208
11.046658590260684,2.018209251338229,20.4984786658567,2.7246737985821134,6.045638646404428,1.484246093438485
11.04634526367209,2.013207799604101,20.725192044117236,2.7333798533398057,6.088178035843342,1.485788595020989
11.055270955659623,2.012195896160067,20.954842599000802,2.746717686037155,6.12987581860621,1.4897855031059157
11.05831337351825,2.018301772397394,21.19301136237457,2.7705628310976453,6.169047365354186,1.4990635029402803
11.066684879202848,2.0241644009209288,21.432285383033634,2.793537192292657,6.21053142184403,1.5080004973648087
11.069654038009634,2.023797176371345,21.65504160330917,2.8077781749451876,6.25262127995618,1.5126195866485819
11.078463785250532,2.023566442999261,21.875429375239527,2.821292160539698,6.290056194150713,1.51664824246723
11.082349107928716,2.024795001755448,22.0968443514891,2.837179577151162,6.329196801592327,1.52207373344587
11.079293107852092,2.021532258961333,22.313024725638133,2.8470112382552335,6.368291801352478,1.524414327039311
11.083517667799258,2.023054891116694,22.53432026015089,2.8632017987406333,6.409839982003064,1.5303110654824041
11.086030240527569,2.024966374008088,22.74455290849435,2.879428664046562,6.448251027250546,1.536272395204143
11.092836907981008,2.024267430011313,22.959094368521495,2.8916862439209634,6.489214740728559,1.5402693563706706
11.097634649732612,2.025904624876393,23.171330721504173,2.907148299823401,6.530749123055107,1.5461342535914309
11.105079517662496,2.023998182898938,23.378686557116346,2.9169900488708747,6.572935270348287,1.549227859230854
11.109250114582219,2.032959709051998,23.592241052921043,2.942808334658645,6.612212351187947,1.5605071677948497
11.110057212142863,2.029160067939815,23.805766560576156,2.950688641126808,6.653994965093664,1.5624145025132112
11.112089047041687,2.0242259021733733,24.01001044349649,2.956255846617509,6.698713333421488,1.5636046483166766
11.108588052806068,2.028888949294167,24.2099682544304,2.9760605678985357,6.739471972851271,1.572196068824616
11.11267909210408,2.0275249858830064,24.411097652912424,2.9864473990013978,6.7829344944385,1.576031986373894
11.11755176162503,2.0301404893427017,24.607877502811125,3.0023139438751665,6.820504759621729,1.5824250539458613
11.119761303982306,2.0373010525139956,24.79836236513972,3.024669886311921,6.861464903735407,1.5926251746255358
11.125132268854392,2.0324338446992565,24.98861848739226,3.0287464603798755,6.903551427986193,1.5933651466579146
11.133148140439863,2.0307912275512248,25.174640837930745,3.0369596578723517,6.9433557023647,1.5962540704948007
11.141443698467835,2.036956849792887,25.355656041996742,3.0565514918500583,6.98283312969297,1.6052193061579119
11.145263745462799,2.031563069735246,25.54997853862148,3.059606334214771,7.025588554311307,1.605515922086523
11.152167788094768,2.02602885154355,25.732888597658665,3.061693343162964,7.064862907704172,1.6052790791410398
11.157743797072216,2.027485464057304,25.909582179622912,3.0740626842572425,7.105023824662744,1.6106537026370553
11.163884361283179,2.032054034452148,26.0909073239992,3.0910620151311803,7.144931382198966,1.6183926340203267
11.169517722271946,2.0322449922082946,26.271870152808273,3.1015956510938056,7.184284104829209,1.6226969028420282
11.177277699403403,2.0287207785451833,26.447038991933614,3.1058997730307527,7.223477530938301,1.6238591673427418
11.18346528133343,2.027520582099553,26.629718339426184,3.114050519518806,7.263533821552368,1.6269777845594757
11.195338794609308,2.0287807086213885,26.804958868380865,3.1251311804303166,7.302062540635979,1.6316611964005092
11.196440644214418,2.0334298643241415,26.985832654234486,3.1425997187854193,7.339776949718267,1.6395009387164603
11.205449686591896,2.0336415776408097,27.15764663770732,3.1521617540083047,7.3776905029412925,1.6433939955764414
11.210408543089134,2.0386781337632587,27.33554020971049,3.1697030462438374,7.415395738472347,1.6513339571323042
11.21829019875319,2.029878298458944,27.509234694552976,3.16525231247237,7.452113348341468,1.6478089046769722
11.227956911914605,2.0352155062382757,27.673072473757212,3.1821961288462366,7.490606144570592,1.655779145689788
11.240346523038482,2.0381999129396644,27.854393132101965,3.1957441615800333,7.528083336305067,1.6616247119557508
11.252502994691877,2.037087300938433,28.016117498376527,3.2020790619316832,7.567172247616642,1.664187566754339
11.259480844067706,2.0357179355936683,28.177424995505685,3.20828253781,7.606150601280858,1.6667619018230315
11.273653514338887,2.0380139169095832,28.349389001860995,3.219965192296068,7.6455512992423,1.6720573641030771
11.283211412416025,2.0469900973460655,28.512739070689907,3.2422862886080632,7.683297427345802,1.682898814744418
11.290578171728493,2.0457099238010388,28.675385696191714,3.2485880786048154,7.721339235613358,1.6854628009557802
11.299909753110851,2.0459647281320748,28.837778641814452,3.2570917164564865,7.753955180393642,1.6887703611985496
11.307030897226074,2.047940138115855,28.997805896754155,3.2683814762444596,7.790017195586131,1.6937679998823318
11.318339456271039,2.047101808434163,29.153700534177407,3.2746175759084313,7.826707616150463,1.6963093752203768
11.327936152516182,2.045558961304832,29.307129856692736,3.2795938626855827,7.858763874282802,1.6979216768638867
11.33903202554478,2.0416491383715947,29.45220976329129,3.280272242754823,7.894578504792269,1.697747493854844
11.348004827822939,2.040940376438185,29.598578950441684,3.2861867930367543,7.933291236577059,1.700555777037427
11.35924653125973,2.0435877144072045,29.75212432280611,3.297577278181879,7.968181299322434,1.7058531998715427
11.36716930249865,2.0481782939202415,29.906058661234553,3.312399165109907,8.002310035265605,1.7128056827988225
11.37952929841487,2.053096852426147,30.060541371030343,3.327392403353904,8.03818956416335,1.7199380469497532
11.396197145006784,2.0528640603551414,30.207789758988888,3.3332108997299414,8.072108834264734,1.7223185845978572
11.407117360575032,2.051899611155173,30.35679553990378,3.338331360217787,8.107398684283693,1.724406218329062
11.417190565597528,2.056153636168219,30.49410872435497,3.351643845832672,8.143123036585063,1.7310124214090092
11.4328340713161,2.0517544855027197,30.627206735137907,3.3499893354854615,8.179153455181044,1.7300608007345577
11.442057380364849,2.056184674836749,30.757608824705713,3.363143816769358,8.213377299205373,1.7367249177465622
11.456616438580893,2.057716515561587,30.904686152106706,3.371619104133731,8.250723636583352,1.7408980774804121
11.47316945621684,2.059877640181726,31.044536766403358,3.3807018824731263,8.28326296656942,1.7451571578260061
11.482000820028306,2.0581497796166865,31.178698253428994,3.3839031959369543,8.32005936970905,1.7467589984948657
11.493829551761934,2.0606634062746134,31.301277133395924,3.39333121904389,8.355189117371618,1.7517323038316346
11.502370797546469,2.063369296563277,31.41742961403572,3.4030355467769864,8.392523144099403,1.757177684298974
11.512749725134466,2.058919042269361,31.54261369767288,3.4010920143976104,8.430390078287656,1.7565756785391138
11.525301985521727,2.065465739282996,31.672000890722966,3.417213565202033,8.46664154131633,1.7651225703292006
11.539722067127357,2.0691500480856,31.798268563910895,3.4282498299519197,8.499775059425396,1.7708257081729206
11.54662074507062,2.0610327464608384,31.922906855075897,3.4204372705406247,8.536084224929793,1.7670151425368765
11.561136787235816,2.068578823642283,32.046867122221435,3.437811834413246,8.569427344621149,1.7760422492591574
11.57299913997139,2.0671991798273273,32.16297990677533,3.4402134142113003,8.603006924350769,1.7774514877023775
11.581872786417057,2.0688528491756877,32.28684267723536,3.448275346863433,8.633926964560587,1.781497230663023
11.599497542859071,2.064533767507109,32.39762222540645,3.444943394087054,8.667608201378899,1.7800403988788993
11.613139877861386,2.0678346265325276,32.51478863029879,3.454780116440534,8.697330652270317,1.7850375883065523
11.62786462831914,2.0737051854469573,32.62777110701248,3.4686395928109466,8.731010530822664,1.7924374905290152
11.636681888968088,2.073751022865725,32.7140880595649,3.4723107399963884,8.765799952999103,1.795177092678306
11.646387273824107,2.079851256569922,32.82692161910269,3.486959351101313,8.797148367469058,1.8029947320706783
11.656384497738689,2.0804661118703422,32.92581160365823,3.4919723547695702,8.831780927741201,1.8062654922671495
11.666973332507666,2.0790378845820676,33.042344745747364,3.494110633050005,8.862480271308659,1.8074926652130818
11.6761213802512,2.078218136689028,33.167167467943116,3.497811516339927,8.8950874428268,1.8094201761521618
11.691011068050917,2.0794418361970473,33.28084362992157,3.5040095608219253,8.927726628897917,1.8127928171711474
11.69985317013598,2.0796156636573246,33.38741532719533,3.5087011183700882,8.953977549766861,1.8150650911389234
11.716191701283984,2.0788774380408954,33.47856441739116,3.510432522518645,8.986925845652694,1.816534510829274
11.729159580411068,2.0798693441292357,33.56620804728696,3.515078707613926,9.016697973683575,1.8194859403066008
11.742193014595431,2.0821167809821945,33.66198620597401,3.5220338924629075,9.051758545336998,1.8238822663306138
11.755495773995923,2.0844575817514652,33.7701518166532,3.5295983022599917,9.082896522479345,1.8281246014328836
11.767731836649942,2.08599160564621,33.87240579077772,3.5357750054081163,9.114055186836895,1.8316945343038993
11.780932619266219,2.087979553102474,33.97178237384315,3.54252666527522,9.148165485051402,1.8358200067854957
11.787326527507185,2.088981559568946,34.06595673441076,3.548123338791562,9.181690073548237,1.8394253157930545
11.801613378321578,2.091896850033897,34.16170352006539,3.5562400761851976,9.211329356691826,1.8440746171952538
11.815824835761928,2.0896547564807637,34.24820406070021,3.5551420075464084,9.23974170043272,1.8439970374833021
11.826255331496595,2.093397840862912,34.356128278327006,3.5653259790203107,9.269037092242563,1.849431727218536
11.843830027519676,2.0974874416823135,34.44580460987537,3.574783262272046,9.294404634505424,1.8544903057445843
11.859067391128876,2.0944433784551855,34.53676332231169,3.5721992625748933,9.324308716181003,1.8535808047392888
11.873195629050457,2.0883215842933893,34.62818596592553,3.564446713510615,9.353701467152144,1.8499788094245384
11.880557954847283,2.092797124729735,34.709190976302736,3.575124327699815,9.381255918539965,1.85599618402011
11.89146330253431,2.090057715628084,34.79478795672911,3.5733218957421897,9.414052735160034,1.855863482264785
11.910513029237984,2.1005327898344883,34.87688929071425,3.593084283603787,9.441868315454217,1.866702735769097
11.923448386931614,2.1015136124680174,34.95024936202929,3.5967660991666675,9.471047024541265,1.8694436981319968
11.933668680478545,2.095455398124919,35.04122414260382,3.589313015920371,9.501686011914954,1.866196566141641
11.943808225309608,2.10191460101848,35.13180786835528,3.603437470872434,9.535212854943,1.874343319611107
11.95712542311512,2.104647934192135,35.21087089960857,3.610484081780062,9.564289943729488,1.8787325015262735
11.965088115429264,2.101531285306922,35.28321105762851,3.6077196918787844,9.593793261925846,1.8781841500753862
11.978877427931032,2.101209630438445,35.36728975927075,3.609548046922374,9.61915959429198,1.8795419932466826
11.99373600103946,2.103012340409829,35.436615946921016,3.6143242613458546,9.650351641855439,1.88303177903902
12.005523392907737,2.104389377795034,35.505469215670026,3.6185606738009977,9.68066670610845,1.886258363444964
12.018575130615242,2.105775185054989,35.578535809981325,3.622822923241858,9.711192363607582,1.889461057764831
12.030151263548701,2.1070661410427562,35.64947227701188,3.626992750071193,9.737749324154052,1.8923899498266494
12.045046481912143,2.111663005366462,35.70627122276804,3.6359684687792266,9.767380212507895,1.89826909373454
12.063276298257236,2.106668008557525,35.764088598853256,3.627936872218227,9.793251772278664,1.8950714785992502
12.072775315403746,2.1157838793814867,35.83717787454917,3.6456071185876007,9.821529852261556,1.9051554332304166
12.09297106474153,2.112067431219932,35.89994358166193,3.6397890819150716,9.847890438427568,1.9030079984099597
12.101758854269228,2.112139932863165,35.951718239097055,3.6411730999528094,9.876971376242354,1.9049973050138946
12.119211288673094,2.116505799631008,36.00272528261469,3.6490469268737686,9.903972255848442,1.9103209864333706
12.130997171354997,2.1159664225481922,36.063187710890524,3.649269890299606,9.927140241708033,1.9112371640193941
12.142386010062255,2.1152103337705683,36.10139967959968,3.6484654140051886,9.954538749950645,1.912188201061923
12.158796563546819,2.1178656894872057,36.14978952300025,3.653270168484825,9.982465929606908,1.9160556618366746
12.170560944622531,2.1175165377462593,36.1834317981525,3.6527874201473804,10.012132751927897,1.917541186384897
12.186435845178627,2.1227757632311888,36.230093015412216,3.6619574146769986,10.03905270069763,1.9237704372703759
12.202398316382542,2.122060430304871,36.285632946581465,3.6611239823874144,10.068510979807568,1.9247111814012767
12.212796098763445,2.1245334934078017,36.35963504432867,3.6671126755343657,10.088993941727354,1.9282675849511994
12.224912195251187,2.1215914520870496,36.40096627023117,3.6626102499476794,10.113342378935393,1.9269607002177358
12.238910542422984,2.120594011202833,36.45047039538393,3.661457811354058,10.141923754121617,1.9276185065790816
12.252602560727555,2.123984966178393,36.494819519029505,3.667670651223213,10.170167095776028,1.932295917308805
12.265742841216118,2.1312110119872183,36.54387196021843,3.6806905397536434,10.194848783638072,1.9402802259951089
12.28229685509995,2.1317202303890084,36.59543487597034,3.6818411860871643,10.21820043357351,1.9418364500625787
12.297161480714925,2.1316754964813893,36.63618646843816,3.6817958763353094,10.242420979718352,1.9429500791588525
12.31308573791247,2.1379116198276766,36.68471650222379,3.6926856172926565,10.26502349804837,1.9496373566158314
12.325650552886653,2.1348574603927055,36.72921885955819,3.687751004594941,10.294010207719662,1.9484275128819988
12.341123146701648,2.1368711999866155,36.758522687531425,3.6907772296449646,10.316647537163638,1.951302649431618
12.362200479605866,2.13631222280721,36.790445931782884,3.688670338482993,10.3423338418976,1.9516872894072006
12.378890112392732,2.132316682891596,36.817824889410254,3.680802838686967,10.366656293543672,1.9490235047239173
12.393648165430273,2.1392523951241893,36.842268047194935,3.691886301580619,10.393387225987588,1.9566262752959918
12.409751008472451,2.1399215300310597,36.877371438126545,3.6923587027672076,10.417859248807519,1.9583449905713348
12.426867522380629,2.1390791313166866,36.89754506811665,3.689627611667976,10.44553685644062,1.9587935007068027
12.44083405591216,2.1381939423711294,36.92658116442052,3.687405750562344,10.466690399417342,1.958973164966551
12.457934134605129,2.145281018088125,36.965045832740486,3.699006793492124,10.485323001082335,1.9660839646242487
12.475952651224782,2.141445117660713,36.97684667950451,3.6907373662745835,10.50809458014284,1.963277949147918
12.49807091756226,2.1462546688811015,37.01132277696363,3.697612114937607,10.534426096716892,1.9684451952716526
12.508263389439628,2.1545182786334847,37.0329780767107,3.7111973995577503,10.556155077207826,1.9771333858096312
12.527539874923704,2.148949038082488,37.06915983674139,3.700638514708294,10.578307873267192,1.9727214931220811
12.538399499308166,2.152327792792591,37.108139179217076,3.7064983214725955,10.60037661607448,1.9769416396357973
12.556940167269502,2.1583222500068073,37.13317766627641,3.7156962475625948,10.62128076010519,1.9830866257313242
12.570034063872432,2.1603421369236857,37.16462093175026,3.718695123140768,10.641820343309918,1.9858185601445786
12.590243543364902,2.1620173925626456,37.19012057304508,3.720215484175492,10.66232547254779,1.9878313751956147
12.603443561431474,2.164014157923813,37.20576233589235,3.7225554615365795,10.688675734284203,1.990853489417659
12.626931081730179,2.164067399815403,37.231396817092715,3.720809588174644,10.7106142275101,1.991336435782599
12.632443422171361,2.1609113640107322,37.25262050844897,3.71519475020218,10.7337275639368,1.989850514071241
12.64700220520064,2.165026491336949,37.28113050497293,3.721627949787765,10.753045774589202,1.9944423463084369
12.657521688636594,2.1601518659257266,37.289611230920215,3.7123014939136363,10.777927864872607,1.991258342079142
12.67684572084836,2.1631105042574155,37.315914003645176,3.7160545350232113,10.795191562438108,1.9944064490427504
12.693775299208122,2.168053125457846,37.34698931421163,3.723647896446792,10.817435272920193,1.9996965208443431
12.70749674562141,2.1672136643552653,37.35810399594079,3.7209085065753853,10.84095603242068,1.9999008763408992
12.723179706854095,2.166740090924363,37.38415933544554,3.719058416708908,10.860109416784782,2.000125713861361
12.741283300044808,2.1696272340385887,37.398809836541794,3.7223608148711333,10.881419148622046,2.0033939463481363
12.754827385244573,2.1691435501934127,37.40952134929021,3.7200891110728422,10.905952999592607,2.0039977120422763
12.764258941225881,2.1686421456447382,37.42706542138262,3.7185194610810783,10.923315657649693,2.0044241002880905
12.785383501692154,2.1663705680099823,37.44662175353223,3.712885133057994,10.945198861743291,2.0028417271375303
12.802004902362208,2.1796375185578465,37.462703442319835,3.7341281914012585,10.961558875513965,2.0154460695529544
12.814131043486718,2.1807329854440844,37.45555881104829,3.7340976634674714,10.982912216078526,2.0172877898925194
12.830711923161855,2.179024661295834,37.47244015543048,3.7295224181471927,11.000673580697734,2.016174735449791
12.84511561136009,2.178463415924943,37.48971511380704,3.727268399063389,11.017551889723057,2.016126059655468
12.858195596613585,2.169933497403844,37.50243166352882,3.7114090644811535,11.03875318671615,2.0090316407940523
12.878059728692426,2.1734500049701877,37.51681596038079,3.7155513235391386,11.054835835252922,2.0124335269736275
12.896473181954773,2.181820650546505,37.514551616916435,3.7274427379555806,11.071147317799289,2.0203066815668427
12.917853437834145,2.183599653706013,37.51381639524511,3.7276238520311606,11.094991446081302,2.0223793535706753
12.931923874032451,2.186658154020066,37.52158978727357,3.7309562210406657,11.117581940322525,2.026024335582759
12.950148381827061,2.1915904109195146,37.51919144781983,3.7368278549545595,11.140342161912931,2.031248709931473
12.968235357410773,2.1898898447919732,37.50451193312586,3.730903462705574,11.156386813498475,2.0298772670780294
12.986633783527042,2.19043808612915,37.50856885336655,3.7293315086202345,11.173003602448668,2.030569798589159
12.999983185285467,2.19483767540154,37.50684849287754,3.734647213070364,11.189920936775,2.0350886880210317
13.013332561665399,2.1983628123243335,37.522809977056944,3.739272892351384,11.210691153083232,2.039103176376444
13.028751867702079,2.197144908518947,37.5296896079517,3.735410543239629,11.228959368653731,2.0384770363695974
13.051540313644558,2.2012411447244387,37.54359112337932,3.7400465500898377,11.245732432560146,2.0422670585822726
13.068561876515739,2.2065290796203634,37.55291246367143,3.7470196189874394,11.25974794700439,2.0471972975356523
13.085313013650875,2.2019716658311146,37.57397127617429,3.7377451196327742,11.279734706575603,2.0433791939379877
13.097083991699533,2.2009677769975884,37.56700506538116,3.734153877097059,11.29809885611837,2.0430467428738073
13.113524957011764,2.195480996308637,37.56274329494781,3.7225566045894904,11.311694328802105,2.0380520998291787
13.127459373205058,2.1977606690860356,37.549403167455495,3.7239498590180236,11.329721800550704,2.0406226996799752
13.145120985237925,2.1992459519992598,37.548419075313106,3.7239663256139743,11.346090181586,2.042206704131062
13.156795359041142,2.202767285668661,37.509243918131126,3.726696295175321,11.36727488988839,2.046235326540365
13.17239217472756,2.2037761914323992,37.50389120279524,3.725888800413279,11.384843310565111,2.047636555015995
13.180914842967805,2.20845109053664,37.4777820876253,3.731250593500825,11.405251935430975,2.052957983077102
13.192280025215986,2.2024372215534136,37.4740110652352,3.7191488908848664,11.423338526720379,2.048155694700581
13.20672851293799,2.210233641341764,37.46288458751255,3.729847631626128,11.44439723395504,2.056193106505652
13.21787402106365,2.212186908344694,37.44183643317205,3.7305902328343814,11.462825283949543,2.058796280298265
13.238454537801704,2.209702814774919,37.42098588808767,3.7228698865653147,11.485570056091538,2.0570277510522312
13.257844001949053,2.2191479869392663,37.42263365329395,3.7360970840664116,11.50571035915132,2.0662558584546553
13.274024729159395,2.214944980538599,37.41057632416897,3.7262230858468204,11.521387572782027,2.0625851765837893
13.29296245202984,2.2186630414936364,37.392176295324184,3.729095880812035,11.539241172978599,2.066234693120705
13.308886192566199,2.218593715238084,37.362667175152055,3.725443209239393,11.554678947681271,2.0663335461592474
13.321760206966381,2.2239159007686795,37.339900939718525,3.7313308598160906,11.570749801294799,2.0716732974496095
13.333165014522486,2.219091271327583,37.327598903536774,3.7208137029185933,11.579428273858758,2.0672073234235446
13.348156011221658,2.2246436225208344,37.304821935393534,3.727081689022825,11.59296563947385,2.072450843514628
13.362394994439489,2.2229134882879333,37.28491322398648,3.72118506833395,11.607331976539006,2.0710001086197996
13.375207529872823,2.2260435555870997,37.25324214736333,3.723217572348341,11.620333727333621,2.074070373344208
13.39191990527473,2.2269318098185042,37.214361738520665,3.7207940011547436,11.634759771633115,2.0749248036751538
13.403612783294964,2.2236334477695165,37.18885947396698,3.7122497732392543,11.643329224694021,2.0717847907100877
13.42304844841869,2.2270881837015173,37.1530472404019,3.713873493016684,11.66106578690701,2.075052200910256
13.431351242179842,2.223881215781033,37.126765141340805,3.705722568739275,11.675693424237146,2.0725611890996536
13.452191267453127,2.226930101595432,37.1047441317313,3.70706328833659,11.69154649626066,2.075370826440678
13.46996048868245,2.2306369437568976,37.08269984265912,3.7097319603974004,11.708107612697875,2.07893817183008
13.489052438980075,2.2290995448575943,37.06314175091422,3.703658854362629,11.72389583483749,2.0774956546280796
13.501259589681272,2.2315828558898723,37.02183322028427,3.7041670550314865,11.734334965747701,2.079788892602551
13.517166624615248,2.2357570787531875,36.99396578682395,3.7074993434684296,11.74852814303281,2.0837175267586328
13.534083888927261,2.235456754080384,36.9666734392578,3.70333785321535,11.762687837068123,2.08342111831041
13.546096249738397,2.237049062400968,36.94469294769991,3.702973165044312,11.775759956142554,2.0850902309173827
13.564064053096965,2.23449366521866,36.91104062663722,3.6949205214516687,11.788733845012649,2.082568646983503
13.589153464819459,2.243212478519072,36.890031754234705,3.705172375248064,11.79817545517358,2.08992149216623
13.607427647236191,2.2427960941997966,36.871030555461154,3.7009167082096646,11.805297142595666,2.088844042221171
13.62134355702896,2.2420119395588696,36.83628461413109,3.695994838493428,11.81702220987589,2.087904151836257
13.633200436716141,2.243399800024777,36.80079291669807,3.6947665600606903,11.8285478366293,2.089172975950578
13.64180440077399,2.243439374908447,36.76232142892292,3.69164618604309,11.835657178142462,2.0891496253784463
13.657897699641211,2.2436546838358016,36.71521355791816,3.6878117813826226,11.851201620496058,2.0894165718184277
13.672965321883558,2.2474815727864113,36.68231922488553,3.690405195682706,11.86291795604773,2.092920931841986
13.685723016327458,2.249724925048059,36.652765054256164,3.6907782644557185,11.878130974629377,2.0952794092858724
13.694358264690175,2.253101991463035,36.61713619105074,3.6932687286466184,11.892160308732008,2.0988855951036514
13.70203675016758,2.246131329966453,36.58789533600456,3.679151862223971,11.905386846683754,2.092912372133641
13.72056435567641,2.2482125987778736,36.5532169424344,3.6787275997924365,11.921817692258903,2.0950044007778956
13.733363378802618,2.249139906546827,36.525621084894325,3.6770940751398817,11.930429762073262,2.0957986067711047
13.750684740083138,2.2515128275851137,36.49122719562992,3.677140426450896,11.938372887293216,2.0975737271843387
13.767019067707464,2.2576518243473975,36.449819925677815,3.6830804910797976,11.947280069995253,2.1028823043499045
13.786902333987062,2.2603252226878148,36.415411760803735,3.6831239397898443,11.953522581740037,2.104586755281821
13.80191781071812,2.2578721033788383,36.37166125458534,3.674917909439802,11.966012848397208,2.10208493840814
13.820904129206799,2.2602464094381145,36.32951217186546,3.674351533546883,11.977661581555754,2.1038997085583753
13.838764950371038,2.2651311477473515,36.2856376909264,3.6777945981010403,11.990863392906247,2.108199355478707
13.857449726060398,2.2609131724636935,36.222816061619696,3.665628968862846,11.99923353233024,2.1036706727411207
13.871087770341157,2.2661448507168935,36.19108182579543,3.670240070383266,12.006162993793353,2.1081354106539965
13.882167365151423,2.2651574872873703,36.14887614483337,3.6648650739926607,12.01249485683623,2.1068913523044746
13.895978462512412,2.262954968672884,36.122866033946494,3.6580424516195102,12.023048160740714,2.10468143435805
13.909492548573335,2.2686580919195394,36.07670731134117,3.6633220608185217,12.033091178697294,2.1098014391031485
13.919855938122247,2.2685141239211966,36.04430703931881,3.6599427636685196,12.038738898553696,2.109417329549157
13.926198814032478,2.2668255421190193,36.017307952984964,3.654585018749678,12.044620567179788,2.1078139863914083
13.94093044736421,2.265186062444063,35.970782496664825,3.648085401963904,12.056299924884977,2.1061788221371227
13.949156518714268,2.26812036034061,35.91548842473081,3.649037587212809,12.067738998069563,2.109133555285123
13.960452056727108,2.2722417945453635,35.864612581315775,3.6516563719521735,12.075412376477331,2.1128686852516587
13.971023273081263,2.272596828901138,35.82684576158006,3.648810257193462,12.07986254379565,2.1129200135441355
13.977578823306175,2.275801634354974,35.786601549524946,3.6509239720816336,12.085504499523937,2.1158517971732644
13.988354599503104,2.27655341044479,35.7506329458211,3.648818431986755,12.096234875519261,2.1166147789918135
14.000868203199214,2.275697594737365,35.69752891734158,3.6434951007595338,12.102752707417455,2.1155357041745075
14.012960186092775,2.2760913988222353,35.65550045288957,3.640461174599072,12.11307698879932,2.115853812444855
14.026051809135481,2.2783508554240317,35.59694285354546,3.6396767288386718,12.122191252970588,2.117770783274872
14.042946197311764,2.2789432131709795,35.532000325379045,3.635480602066807,12.132888547995366,2.11801907862578
14.055958923213947,2.280980585932619,35.48232816428351,3.6343593310875137,12.140267438204136,2.119621561801912
14.073830088507417,2.277761707242848,35.466919178439404,3.6258230283190387,12.15019016799175,2.1162665062518395
14.086942754127527,2.2785559242171782,35.42746678075647,3.623356240291724,12.157083450896339,2.1166242002060516
14.102068899486612,2.2855513517993544,35.365628556986806,3.6298373748488886,12.162292775832642,2.122502278914269
14.11421125812084,2.2843758479258276,35.311846381307305,3.6236369683492295,12.169117143605327,2.121028328270328
14.119483452771558,2.283171241062504,35.2820451610085,3.6189435078612964,12.177184052557173,2.120044353687153
14.13321157130683,2.2885860821375057,35.23847745565162,3.62367540211783,12.186076801363885,2.1248656248979714
14.1436730941257,2.2846737611784276,35.19020509267029,3.613719273865506,12.18548928226276,2.120578499653563
14.152995054701039,2.2821041004149634,35.13861325430874,3.6059022549684703,12.19682957000235,2.118263854505771
14.165452642856932,2.2852450832325193,35.08920968222746,3.6068483393895643,12.203816927257133,2.120913568948
14.172265574282722,2.295866022884039,35.0412324367134,3.6201842270377154,12.213757495980454,2.1309773566840615
14.189306568222026,2.2916762208578043,34.98403659615428,3.6088338716994297,12.224913337358382,2.1268630630396195
14.203169038452309,2.2948937135993503,34.93572449460585,3.609672658859679,12.228212348783053,2.129288456833105
14.220700264868642,2.2917228343709457,34.88754895118934,3.6001337158878157,12.238261109359332,2.1259218027620466
14.230633547591374,2.291696850450694,34.83940503935496,3.5961716596010818,12.24546349467132,2.1257020191431106
14.249317290646571,2.2965073258176805,34.798014098705686,3.59934945673941,12.253955334762514,2.1296309249682435
14.26515561389054,2.294245051664604,34.74463036750906,3.591129251903907,12.26121848763444,2.126998453943095
14.281816395675953,2.293674673665518,34.70049693919248,3.5858427298538325,12.264206313862363,2.125639281010295
14.29361072454656,2.2947248056210396,34.65124025468067,3.583366964599766,12.266923576430454,2.1259531795372313
14.307355523822956,2.2919951540234504,34.58900212419494,3.5744270109960774,12.27514471336582,2.122996281616857
14.324150356467577,2.298473307657513,34.53254400328708,3.579658167115594,12.28292188402987,2.1284456010410273
14.33831659299441,2.2952072355256643,34.482610946835464,3.570145235344655,12.290909874486571,2.125022266089797
14.355049866405658,2.2966969705315377,34.415272238316994,3.567162792356253,12.294901685738662,2.1256127003975918
14.36875998613667,2.306412308168658,34.36847675340115,3.577991293696603,12.296763530431043,2.133838002609466
14.379840235206514,2.310053723104043,34.30996928045043,3.5791032963603575,12.302892789119404,2.136775601113584
14.39453462234605,2.3090295547530926,34.25020786812623,3.572612942164959,12.310804121076659,2.135379070902119
14.399388777059464,2.310783085909832,34.20071475817911,3.571738148729656,12.319280247659625,2.137157403353065
14.40595719635423,2.3146286724783396,34.142113104548,3.5737929581227803,12.321724271610245,2.1404917407175703
14.424630393750274,2.31477923020977,34.09033898268499,3.56932336234763,12.333716948167398,2.1403429021432268
14.42538903112144,2.3135840916721557,34.033479000130285,3.5640701827238432,12.338708224829125,2.1394363752380725
14.432463270428597,2.3167020700627226,33.97361493864609,3.5649137426348774,12.34818953541935,2.1425374400122705
14.445733313289411,2.315811795076279,33.91272209618201,3.5589218986832063,12.354481386541607,2.1414372241761312
14.459324153809566,2.316320185351351,33.84310418608244,3.5546915314307848,12.361352686057911,2.141568041688372
14.46918981328398,2.3124198452119518,33.78746923170632,3.5444196775221055,12.364835809856848,2.1375949315421052
14.48180174232498,2.31842269874413,33.739888907794445,3.5495068500938682,12.371405474720314,2.142814520208429
14.492518910981753,2.3220828944895584,33.68462590519446,3.550855896208745,12.375218224597145,2.1457661988999663
14.506639582547447,2.3151377138154148,33.625124539838886,3.5355467814036454,12.37662360997504,2.1385627746996763
14.522879369651937,2.3152308287273953,33.5703259153939,3.5309375607343254,12.381645412797404,2.137928946058727
14.531517004455893,2.3150113744630523,33.51593458105295,3.5265379887838955,12.388805389372354,2.137527334187763
14.541954760437788,2.3231524046924905,33.45406959575277,3.5344641531429506,12.390516186653814,2.1444867935201084
14.55722718577832,2.3217022769145017,33.391585748424625,3.527409423130767,12.39889779835232,2.1427203219338105
14.564526776478667,2.3251079893434636,33.32640539776593,3.528203274019245,12.400539680637012,2.14544699439791
14.574639497886787,2.3265288238585553,33.26850519690055,3.52608870307095,12.405237024202346,2.146403051219857
14.58110619869518,2.3237149517467066,33.204538535860095,3.5175413541402807,12.408935149796179,2.1435707264304513
14.593129628653584,2.3294389734086915,33.141100242694456,3.521541160762104,12.414873785781564,2.1485072602729436
14.60813755743117,2.338756924883061,33.07606544575004,3.530521695339461,12.422447028731408,2.1566877475700057
14.620136836110897,2.335312376342864,33.00561121973766,3.5201692763816412,12.432412640506929,2.1533761873051507
14.63502842923604,2.336958187405205,32.94582864050574,3.517688236919498,12.434022742768505,2.1541632167897005
14.643234262866928,2.328211459765201,32.87851807781309,3.499873266445145,12.438621695429482,2.145789395980946
14.660217767168653,2.3301440114307748,32.81575703300602,3.4976036925478375,12.445790166526002,2.1470187192801693
14.673293182612948,2.330981860425736,32.75566253439793,3.494047834859442,12.453870513682924,2.147473187648152
14.680785998171855,2.334442929079735,32.69413040867641,3.494908613712009,12.457591328706533,2.15039610397127
14.685662103659432,2.3327849124131115,32.62930139043743,3.4882020998675913,12.466992222996883,2.1490962125102677
14.697272264690394,2.330344002613472,32.55784307330667,3.4795784821020503,12.471640689246037,2.146524263627518
14.709355093770123,2.3305123874447413,32.49558716325277,3.4750644058079874,12.479807457346043,2.146508041062393
14.721032422981647,2.3311540732501363,32.44310503507962,3.471763379384527,12.482610228547207,2.146636197166032
14.736573116310426,2.3320492192647513,32.37849848812775,3.4680625012286734,12.48445087128304,2.1466462821801056
14.735305636349274,2.332912651195852,32.29459909043155,3.4649121443329096,12.489904627294925,2.147626769233519
14.744943316953686,2.328521171481965,32.21800083348727,3.453358137382359,12.500333106982886,2.1436853820382007
14.764933223412966,2.325831460759586,32.1642493619147,3.444299031083128,12.510591918170798,2.1408402136068516
14.782091071868107,2.3332973657525518,32.10675261771278,3.450314757827744,12.511171926709833,2.146803981049042
14.790141315035225,2.340310436939743,32.04716502870287,3.456401455659033,12.515380523865785,2.152915932347713
14.799514878735087,2.339197529359418,31.99128830984904,3.45053940113194,12.517021620578035,2.1513715130947384
14.816474701166225,2.3390321926323336,31.929936312040272,3.4452641756508138,12.523579473411338,2.1505887832818673
14.830883163834892,2.3407340413071407,31.8583715310225,3.4423541759792817,12.52370699998195,2.1512258658434233
14.841005676291882,2.3429386724837338,31.803658445803396,3.441293448879899,12.529414550574778,2.152884987543305
14.851408273069122,2.3487006654479177,31.72477731280699,3.444515921499168,12.531736729851165,2.1576007313914842
14.864724572228901,2.354707245142299,31.662524802152006,3.4482991313254336,12.534503998927226,2.162448882022377
14.884177841764469,2.3505763852789667,31.58972154872949,3.4363049112596498,12.528276535183453,2.157061127139569
14.891027555913535,2.3468990164569696,31.51312201241446,3.4258572572114256,12.530683414906168,2.153124618451304
14.894624524259658,2.352527327515033,31.43943567226898,3.429466487275883,12.536480969164037,2.1582393193775324
14.905368583820906,2.355018175059526,31.383069603171496,3.4286048825882887,12.537908831585693,2.159988120830681
14.909785085228037,2.351803669797649,31.323742751552523,3.4200219917121983,12.538073450748433,2.156697626303896
14.920339104428459,2.3491038567412215,31.248362392021516,3.4110682655374527,12.541249012632086,2.1537300759064277
14.921625253289156,2.351049811493413,31.183032146191028,3.409969028856483,12.543894461360038,2.1554962093588506
14.926842972293542,2.3543232568045185,31.105438373368308,3.410053523944296,12.546596514386211,2.1583235198936244
14.943708176489078,2.3574107644000706,31.03520079328254,3.4090862047089128,12.549071032860185,2.160384649266082
14.95174204538816,2.35723524066202,30.96618482104591,3.40405471710379,12.556040783827596,2.1600858570401478
14.957251752058458,2.3486053224473644,30.911373040128087,3.387610342877191,12.55980333443237,2.152060475417821
14.968246461210276,2.3458966394972918,30.831946383769736,3.3785537309609674,12.56128811058588,2.1490231560536004
14.979221525483865,2.3511952278020183,30.762026009485467,3.3811387625104627,12.562356562495776,2.153261802459562
14.99106895420704,2.354417136581751,30.711335942749667,3.381431583152095,12.565344430631,2.1556668374321895
14.999272235246016,2.352784180951181,30.63840333918956,3.3741857832761597,12.569681812012137,2.153830222106695
15.014965985485526,2.364481286173568,30.56394862606108,3.3854480250303065,12.577110760894987,2.164072349201539
15.022487861512758,2.3636407247924254,30.494688946335533,3.3794506960161588,12.586574460506148,2.163375928184216
15.033230055648076,2.3607875299476557,30.43637108546068,3.370799236779048,12.586207796856034,2.1601680590878782
15.043919284325447,2.3521252164886586,30.354747946503657,3.3529603486877133,12.590583717098118,2.1518011696257164
15.049871685581161,2.3505101921861558,30.288453541136793,3.3460998513555626,12.593117850416855,2.1500695002124326
15.057764035917542,2.3588919659658445,30.21759473047591,3.353355429287303,12.59227464300793,2.1572002694378347
15.064404228980742,2.359986874765138,30.147130189656433,3.350250387782775,12.59877461692512,2.158123157944005
15.069436051404436,2.362809267772853,30.09065307834885,3.350242207596797,12.594612570385584,2.1601462781507026
15.085370352650129,2.364076927223981,30.024566399884826,3.3469430628009444,12.596823861783799,2.160489976103031
15.091653921860605,2.369846594473672,29.942422091279724,3.349962745516747,12.595926412678068,2.165163333749794
15.107723228850258,2.3722794060270123,29.867043952988585,3.34763837997082,12.59481605466793,2.1663099838341875
15.115005310336905,2.366414377513733,29.798673031225817,3.334518478150954,12.603254981879985,2.160852533655776
15.117251036490513,2.3646588679949225,29.721604767770845,3.327417075462698,12.604952263378747,2.1591211006712263
15.123897824978657,2.364446459858345,29.654932069182166,3.322544989052963,12.611215510856153,2.158916795060128
15.128961565260616,2.365942070864574,29.5907163073074,3.320359033210284,12.61372444849809,2.1601620980238714
15.132962449462774,2.3673248080552423,29.517244749478795,3.3178529565250927,12.619349216020582,2.1615253576094156
15.145629891122306,2.3669828433510283,29.43944031664489,3.3120088570228936,12.623415818097877,2.160803342786678
15.158170620082146,2.3638476768654053,29.360989876450464,3.302053047431714,12.621078240829606,2.1570713350268926
15.1621674648205,2.357944650970524,29.281951868826837,3.288805401100067,12.61467310572253,2.1508964490593345
15.17224851436629,2.369282911165582,29.21378492894969,3.2996795893627437,12.620605012807273,2.1609086518631266
15.177890242203164,2.360543412163605,29.1391212096644,3.282683469069613,12.630208258136228,2.1530949444536445
15.187217049178564,2.368881715088578,29.063426669816543,3.2891153085275695,12.628459465554348,2.1600950728689075
15.200258922523592,2.369026182381667,28.99264813233661,3.2839107398166214,12.633491348896177,2.1597503126596873
15.205649587931848,2.372971809312861,28.9181757150365,3.2844525277459624,12.630506931376205,2.1627616984698395
15.217477341685601,2.370509624142664,28.829224932457105,3.275156725886886,12.629781294109238,2.1596893016057574
15.230205777719856,2.3719373050330277,28.76434733513352,3.271933176215544,12.627770770379858,2.160042612157873
15.236745059296004,2.3661530659024184,28.703893883205065,3.259473978142753,12.621619901756757,2.1538323704862226
15.245657610925585,2.3737470223081094,28.62180415398781,3.2646331385846987,12.630744203932371,2.1605767120033574
15.253034838305867,2.3753858210284915,28.553428427717286,3.2620581949582634,12.63154236106369,2.1616254291343426
15.264578462349133,2.3733573777522987,28.4681172678249,3.2535202834338217,12.629140753724574,2.158890266995104
15.276670472191478,2.3737481260045454,28.393628793823304,3.2485157975780483,12.634611017800331,2.158770253942802
15.28695180104557,2.3775128132937704,28.313413247948265,3.248030149060935,12.636075467964284,2.1615995136746573
15.290645238355685,2.3745568464068216,28.232944369658075,3.23882266436805,12.633279592001095,2.158381382712278
15.295219071781103,2.380377199512812,28.155709338023364,3.241861708535394,12.63774083824755,2.163574631380631
15.302847773056612,2.3810886203878003,28.08168404360343,3.237750249653383,12.639206039008478,2.1638460606398153
15.315486658063744,2.3841500639604694,28.0047402954469,3.2363872095275186,12.642953196045235,2.166119185585457
15.323152114717281,2.3811129103691924,27.929395763594638,3.2269955757739295,12.642337036352808,2.162797582259124
15.334770352123902,2.3772636782474175,27.841151668858757,3.2156791240447298,12.638003391536369,2.1582720744367236
15.333219029539583,2.380283380879132,27.77534135366842,3.2154809238968274,12.641099372854278,2.161076994615753
15.336479066683333,2.3843757277826683,27.704413031518964,3.2165470712997974,12.635202246074874,2.1642036748220206
15.342551914429043,2.3867614901124443,27.636269892063858,3.2152168002877177,12.639473185375191,2.16619400495481
15.3510150511713,2.386876509662545,27.56867207870507,3.210593082753911,12.638073308830622,2.1656979871918316
15.355875781786642,2.3870830243313046,27.503662768019375,3.206548657537281,12.635150626483226,2.165328911208398
15.362775839812024,2.388433997521971,27.42028356541111,3.2030050827991743,12.637402969405866,2.166150501531383
15.366887557347995,2.3902490750516616,27.34071131642134,3.2004406424934677,12.638653221739615,2.1675397096745206
15.372703833216326,2.3868777746164556,27.269333791859605,3.1911138177993164,12.64039342761258,2.1642102609807696
15.376085606680709,2.391774126206654,27.188854802208034,3.192587274722531,12.636925225011735,2.1681667775153413
15.38629683479117,2.3821230832691436,27.11790192136707,3.1745085064008345,12.640745406810552,2.1590223295726423
15.403691518077864,2.386308761762401,27.04702010344772,3.1744404320250728,12.637359927932739,2.1616344666965586
15.40839889012262,2.380774970676218,26.980659474749643,3.162438911433348,12.63181491113233,2.1557942797909995
15.413621270557108,2.3850898124252717,26.8970194066972,3.1629173796377894,12.633864170785648,2.159299121597558
15.422108291102044,2.3872398911584707,26.82500492481103,3.160686048515155,12.633167386138428,2.1606254289020064
15.425687415714108,2.384624336787652,26.765745046079832,3.1530372653670526,12.632298095103483,2.157876838342315
15.436995285436033,2.3857032147476738,26.69431538576271,3.1493436001727777,12.631622660627086,2.1580986559240447
15.442144271162915,2.3849670420812887,26.62201499995323,3.1435774324324,12.626413638341813,2.156662773092065
15.44950505928382,2.391236212509621,26.559138777566794,3.147219750524947,12.629448294613896,2.1619573091848765
15.460241825072393,2.3986804691616386,26.49080460283473,3.1520460586959764,12.626944118459164,2.1678547328418714
15.460846127095495,2.396595643733896,26.409668628531115,3.1444068021095504,12.627225663155777,2.165719909499899
15.475325309920027,2.394801479093772,26.329707639240603,3.136184675156711,12.623257399299952,2.1629954535363956
15.478868806839813,2.3866717340665433,26.2529649648163,3.120438461035652,12.622751753933603,2.155199446234411
15.486900839701077,2.3832226552715277,26.18076972677631,3.1107849602061663,12.620023194596806,2.151358628151114
15.490292207490755,2.394761067043009,26.111454471356126,3.1213451883108267,12.618927561935195,2.161374757803712
15.499851808139647,2.397074310355894,26.027567509544504,3.1186998255961447,12.622554044873967,2.1630265819927335
15.507461537115898,2.3926137102284835,25.94147074476779,3.1071286744518365,12.624925261957834,2.1586130941588477
15.512948882937911,2.391776768094367,25.869160383519887,3.1009610173343822,12.620737243799235,2.157229043211521
15.518568701765677,2.3945973734493493,25.78803839754623,3.0993117201734917,12.623445296141464,2.1594982192287224
15.519440663198669,2.3979531386425097,25.719920278472234,3.099161757714455,12.622495449515156,2.162333254883537
15.524528991325036,2.397708433014817,25.633015639598856,3.0933070107668286,12.623659153909367,2.1618179193545712
15.534354909904174,2.4022331648358537,25.558284474760196,3.0937139754475402,12.625383699537068,2.1654491654466157
15.531379837179763,2.395440171034302,25.47897450598265,3.080212017744213,12.625289685521516,2.1593452428252045
15.534105499021132,2.4051602491079875,25.39545681342933,3.087496355401127,12.628672085581552,2.168139254689162
15.533021386239502,2.394688823580887,25.314784126935578,3.0692344719856566,12.635405554179641,2.159153777251807
15.542998512170799,2.396724751108377,25.240485345005794,3.0665171250103245,12.63780764209758,2.1607279946336124
15.54635649442811,2.387778010872701,25.158265448143073,3.0497652817037064,12.633448223071026,2.152183863940548
15.555399599870812,2.386867866432556,25.09849213802686,3.044043403032793,12.635692710635976,2.1510050886978442
15.55854560536318,2.400765151078085,25.024047159904136,3.0569462270517893,12.634399410691211,2.163181928029524
15.562854450003213,2.4002267337301504,24.958830173618995,3.051810557405066,12.633056076947854,2.16230470070773
15.571657629494734,2.3984797056168086,24.886885072369818,3.044493513596437,12.631510659526095,2.160067775906042
15.567614804010281,2.392348546022481,24.82013482747673,3.032601216257155,12.62698696571057,2.154305684776344
15.57362131817202,2.3980587840672074,24.756017657554025,3.035463459130029,12.621197330690602,2.1587125359421475
15.580183101707354,2.3990840571335,24.675159025095006,3.031510507543936,12.622975013652903,2.159210971331026
15.588808168856772,2.396308698202732,24.594187515016895,3.022430124839317,12.625498480922175,2.156282405765114
15.596547263187063,2.4080235455565053,24.536990629432495,3.0325726230369545,12.625297784805959,2.1663496756854794
15.597348748676962,2.4055085357900254,24.465459338761363,3.024865987642089,12.622862226453028,2.163749261431811
15.608332480361055,2.3978012979828387,24.39277713804335,3.0099398320600916,12.621326497826432,2.156048790785805
15.620746575661782,2.3968944392231344,24.31760373965176,3.0032360462562058,12.623897590040519,2.154589285063198
15.624789520439903,2.4034467131535187,24.25468943092137,3.0068112708872903,12.621592750808055,2.159980030960396
15.625147167486459,2.3998927019363214,24.17393654308763,2.997345094387582,12.61969543526055,2.1564616647679515
15.627778616278553,2.4123604288655596,24.088592525925634,3.007564212819573,12.624764185904361,2.1677215814992774
15.62988512644953,2.414163399407168,24.00932363726747,3.0046114861596087,12.626269637886656,2.169295972992024
15.62851113475446,2.4079858675345407,23.94172313956425,2.9925401589492306,12.623501226612795,2.163639159066472
15.637089625724904,2.408152758852957,23.859529376417566,2.9871609540278943,12.620312639369715,2.163114492736066
15.633799123133363,2.411312807692666,23.794908602352496,2.986925705357949,12.623508813359924,2.1662073197194687
15.643271811693126,2.411074838049673,23.729467047025167,2.981724404427537,12.62231272579712,2.1654521931746724
15.651469512014454,2.4113697848260713,23.65507875635038,2.976846613594105,12.616342494638346,2.1648259939329977
15.651710771637422,2.4078318887760117,23.572432942387998,2.967349535703468,12.609410648762362,2.1609841516410033
15.649864906256939,2.39966776493204,23.50222846014818,2.9527373188324852,12.604689943436064,2.1532687313626657
15.666116765822427,2.3979978375422846,23.427063604616922,2.9449335080343815,12.603257740693222,2.150742263455192
15.672789658460214,2.4043734961466696,23.345175934901228,2.9471281448811903,12.603013775871531,2.1558695493656375
15.676539822698745,2.4110488757780506,23.27698422702237,2.9504860789881127,12.602715079374102,2.1614858526331737
15.682180209610555,2.405477607651212,23.208182709905866,2.93874450973121,12.601334631325079,2.1559820624075514
15.691510190151831,2.4132249985129346,23.144250444987353,2.9432044136780044,12.59417588770916,2.161896428114021
15.695502553244454,2.4099131475093607,23.077129568820748,2.9344443161012537,12.595316591938658,2.158556874197207
15.696402992286044,2.407298957727757,23.000363990470838,2.926307158245334,12.589123524832315,2.155608995657563
15.699359032701105,2.398495035098853,22.934505085452344,2.9110769524282,12.582458622113405,2.1470153753783126
15.70754638431311,2.40720801659461,22.86580641247668,2.9167419961730356,12.582410763874586,2.154231870305524
15.71326602888228,2.4062969663118876,22.796716772275257,2.9106739056521165,12.57526171252825,2.152507546472187
15.722700865071587,2.4109071326413654,22.72043870087629,2.9107529630978277,12.574395451401669,2.1558734134838575
15.728042722967853,2.4121988657893,22.63815599182964,2.9066539947070607,12.570146916500489,2.1562607900831114
15.736294973297461,2.418774425018062,22.580959101822156,2.909800088418143,12.566300967031625,2.161328072513713
15.741169809667259,2.419754290048323,22.512316164257292,2.9060716169768503,12.562034530222586,2.161463913837846
15.747535104603967,2.41786324682068,22.43843303096372,2.898548180395474,12.56131709689056,2.159181305152358
15.754236498572908,2.415551233497882,22.374831096381325,2.8910114008955885,12.554200297079614,2.156179651604309
15.769045894236756,2.419623978637437,22.300767916494223,2.8901181318039986,12.54894506493802,2.158509210229022
15.771862766614781,2.4203848550570988,22.241895195280087,2.8865056844583257,12.542516414343734,2.1583508384124612
15.772593233357025,2.4158845920323575,22.17526661070677,2.8765760807265464,12.5402898717693,2.1538839068227422
15.774823457948747,2.4128057410611863,22.102483912028255,2.8680506467167177,12.539990788688185,2.1508184877606844
15.775180460848453,2.417280928577002,22.03255420120029,2.8688840126787785,12.535432989293309,2.154399659323092
15.789913200524186,2.418750428698992,21.965051990310442,2.865221705255704,12.532670097465507,2.154692825600749
15.797445360909611,2.4217643212654725,21.898899727626056,2.8637917397198582,12.53276085666521,2.15679019726483
15.794790310362478,2.422432721223008,21.826506272763726,2.859901509442985,12.531039215637717,2.1572002500952676
15.795882661220656,2.4162646539948693,21.753453340138833,2.8477723726914284,12.528376171726906,2.151374111809055
15.804986100344063,2.4185555041848645,21.681785653003935,2.8451173000925776,12.530462957215853,2.1530018201919834
15.812733779067093,2.415312581542643,21.61639299620408,2.836291009418202,12.521338550347501,2.1490759166868734
15.819990385553014,2.4074578849287365,21.544800660771358,2.8218633558225954,12.515387886267915,2.141123565177692
15.821731875399307,2.4141552964848314,21.479871697732996,2.8251253689576896,12.515918623749108,2.14679049720302
15.823282470666657,2.41319282993778,21.416757130814922,2.8195120069361743,12.512945759883683,2.1455315301311875
15.830536704874248,2.4096674612773006,21.33942987373739,2.8100019939848875,12.515929565710318,2.1420719045225365
15.829255594748364,2.4239804998473424,21.266307735473912,2.821834069714631,12.511898869677244,2.154514433556629
15.822797637140358,2.4251521589115757,21.203378927537116,2.8192742159784245,12.510418839945705,2.1557089953699573
15.82636187029759,2.428293826520526,21.13049414909692,2.8180580838028724,12.508245194962372,2.1581656658572728
15.83217075650964,2.4188727585257532,21.060295301999737,2.8021098450063224,12.504056027447735,2.1491655162274
15.832706369172508,2.4179155191121744,20.987696127467476,2.796166384716893,12.508606498200027,2.1484258537981025
15.835355171563037,2.4152152409559555,20.93338603551316,2.7889320280864283,12.506498878936567,2.145773068798854
15.84358335996079,2.4151549711694122,20.863014785442836,2.783707404567265,12.503447746518546,2.145047225943062
15.850443422511123,2.4230982625709583,20.79111828639902,2.7876714445034154,12.506727568686411,2.1518253622217083
15.851004359249623,2.4255369416370347,20.718963585733587,2.7855508861761913,12.504606441104228,2.1537191737024775
15.862800873780614,2.420944327164331,20.637676979314495,2.7741579435240875,12.499311930686272,2.148614302097369
15.873230380987152,2.4183049147703586,20.561809777646896,2.765271895344112,12.498689139763192,2.1455142907700773
15.872046940847897,2.418604178645235,20.487008661487877,2.760487233321667,12.492605119694309,2.14524973412513
15.883486263644299,2.423824910109699,20.41472508484203,2.760702281506784,12.485993414488103,2.1487486898804615
15.880852321149202,2.421979300195188,20.343877447722356,2.753742648231334,12.484755296591047,2.146894392568672
15.88088639572366,2.425475157247296,20.273667800363782,2.752858045405964,12.486460199954383,2.1499645123116014
15.889360537637574,2.429931275478095,20.20206755642577,2.7524737114697273,12.484989352909091,2.153355556733488
15.891623979393675,2.431556285576651,20.130678654361756,2.7492549678083797,12.480147645130144,2.1542614506450626
15.894788583518952,2.426630171135155,20.061076096222823,2.7386470961550424,12.479758422171429,2.1495692609982355
15.896002644321914,2.4273636111225305,19.989621479556405,2.7344678318130806,12.475645101971047,2.149788183759392
15.888914994723669,2.4296017995692294,19.92476017138976,2.7328531791934143,12.472960728440457,2.1518430422385353
15.887081289078141,2.420392479608912,19.853623116500223,2.7179123923318502,12.471355056194849,2.1436209708909906
15.891492406526764,2.4241923256174873,19.793019420312994,2.717591534354527,12.462737939890577,2.1462363545103944
15.888612027248397,2.423753872476263,19.71831198160837,2.712332755839319,12.460572672076548,2.1456766759406114
15.89169477080794,2.4299133775463586,19.65333126910676,2.7144667265253526,12.456302109215684,2.1506456642547245
15.89090850826525,2.4277541431771543,19.594447469015634,2.7078555514395357,12.456047052464609,2.148650756383209
15.891518347349079,2.432514524221821,19.530064664866213,2.708814948531032,12.457954654819506,2.152892322486341
15.895586736988172,2.432633064448069,19.470272716288054,2.7044927240289303,12.457927742942626,2.152776642145476
15.894759025089735,2.4237339778962106,19.402409931539125,2.690062377886878,12.459297906495701,2.14494789670856
15.899091885085985,2.426127794971442,19.333738398433436,2.687746987031229,12.456027058565502,2.1466342852761704
15.904372893847308,2.4276558695294517,19.26961067047384,2.684598580168455,12.451230771195656,2.147357732314664
15.896556981958058,2.4258992688163965,19.206254658169698,2.678662851561504,12.44534380967954,2.145672017164639
15.89846762958719,2.4315633506722407,19.14677793443307,2.6806032587296937,12.440237630516894,2.1502025437773797
15.897878755771766,2.4256614552358866,19.075543759560507,2.669290049615423,12.435514653134783,2.1445603197615775
15.900033401224919,2.4274403315621473,19.011704027784813,2.6665940719605463,12.431070812538097,2.1456456312708707
15.90267414922969,2.425254098033151,18.94216546360781,2.659331555733256,12.428817171090081,2.143300278457012
15.908402563533018,2.429587097841153,18.869782785678936,2.6586515793979415,12.430874762041757,2.146838930105799
15.909410772161843,2.431873048692115,18.808143958113337,2.6565325770997523,12.432151544194463,2.148819313448358
15.91566738997511,2.428519859222394,18.749728975334943,2.6482697236736756,12.429747053892397,2.1453717975774294
15.924686464687355,2.434177013268383,18.68058294701689,2.6489676860578095,12.424573038626074,2.149483706648514
15.924043367842609,2.4280323328270224,18.607776314875498,2.637163900744497,12.426873808594248,2.144008451136589
15.926608582077721,2.432379799632351,18.542096465324633,2.637021667626758,12.426854180310048,2.1476610717589844
15.93404589323774,2.4314931319643502,18.474115327726487,2.6306331331247508,12.41386449406444,2.14563775511127
15.937038949767096,2.423841159417216,18.40762093867171,2.61741242047741,12.41430766614962,2.138518915865002
15.940319014402558,2.427533359127867,18.340978514129503,2.616476467553593,12.415525811578048,2.141540399868413
15.945279346258102,2.429974173501135,18.275733596740107,2.6141394593190097,12.416019274127498,2.1433820082083703
15.946019385138952,2.4307008302703093,18.210750225521252,2.6101222972571656,12.40849908907157,2.1434164347677847
15.950661087656858,2.433551025434188,18.143568894528233,2.60801166793407,12.401220038822114,2.145098627297669
15.956865415082188,2.4316868239311673,18.085805028096942,2.601275572353466,12.39937197233955,2.142859001146238
15.962377378022582,2.4265259959776175,18.019160228333668,2.590697360254224,12.400834309711225,2.1379345133705243
15.967156944117658,2.425641667863349,17.95065151739609,2.5844656499942036,12.39643908381813,2.136503460170951
15.963189545265035,2.426485250615578,17.894518446394862,2.581267189862599,12.39489203467675,2.1372090171796536
15.959327026864901,2.432598313693588,17.83158456658033,2.5834873648832994,12.394697931337099,2.142694755653007
15.963730666709251,2.429177732971861,17.769300598743513,2.57504127748495,12.390169417668169,2.1391700892431214
15.9642332531767,2.430057926423306,17.704750243766014,2.5714256300733065,12.388057534550503,2.1396920767073255
15.972473997328425,2.432751334701122,17.643370905057438,2.5693617970647216,12.389059607792209,2.1416455816577455
15.979818632255194,2.437079847254835,17.588609352548144,2.5692542280913937,12.38882190953245,2.14499647489126
15.981358359224965,2.4334609244103382,17.520041903986108,2.5604653384651845,12.387055749096865,2.1414654820488828
15.978619835835403,2.439181314689129,17.448395010690746,2.5614821858328503,12.386070684650539,2.14644221407101
15.976567266522041,2.4374085647559696,17.388402358556778,2.555230281379804,12.381182478559573,2.1446452946879933
15.980922710288377,2.4346890641935035,17.32747309085559,2.5476111014861815,12.378134468857898,2.1417863485110478
15.978422060162236,2.4335998864375403,17.26893693957537,2.542207023214164,12.37519064044965,2.1406631550196678
15.979409972551498,2.4332464570897905,17.201226995516134,2.5369976320974534,12.372064322573593,2.140014396562587
15.974962583091019,2.431405801273197,17.14615606940274,2.5311460116199225,12.369831765425841,2.1384040632600034
15.971560615156559,2.426654472751648,17.0797299349809,2.521793030459662,12.369052928542546,2.134275054771035
15.969768822205497,2.4285714428650556,17.002576931943633,2.518556738508132,12.362988994436733,2.135614808731772
15.977804774500378,2.4294973916456266,16.938949073815987,2.5142996411865783,12.366025370497894,2.1361855857907885
15.979207126282663,2.43007651998384,16.875933405076175,2.5100197174921397,12.362009003832453,2.136316283489119
15.983394354632841,2.4358672635367182,16.80838234954048,2.5106751661044577,12.353404923487297,2.140569542112642
15.988029744006347,2.432571726838893,16.74298333712844,2.5021027273565584,12.349095493011408,2.1369917581904927
15.994711075236639,2.435705809219548,16.677899789527444,2.4999780230634148,12.3513226889841,2.1393730347393185
16.006260532683406,2.4323185919842043,16.61422954422442,2.4909520113170003,12.3553590596712,2.135960230118465
16.01123648038532,2.4305867894816036,16.55319579865475,2.4841435491972823,12.351138595970768,2.133820175952853
16.01915259394811,2.4355362381382157,16.48728652466584,2.4838345530414316,12.350444055041722,2.1375757596755207
16.02033345839217,2.4405982749317197,16.427156735135476,2.4841643196708834,12.34163358532807,2.141254476546618
16.022384449026937,2.4345562909009506,16.359971918215408,2.4729198883313397,12.341560901973011,2.135620842208791
16.03330833519863,2.4364947481009773,16.294681515864553,2.4693374062753346,12.341142763422615,2.136634079558241
16.03195970479799,2.4290508507574557,16.23554207564704,2.4571182053533622,12.336946926103495,2.1297418384689655
16.03034563033304,2.4386130949944373,16.1702088141907,2.461967303965875,12.335966834921031,2.1380144447415685
16.036232082928514,2.436964870608574,16.103709194899885,2.455001636002041,12.33164050749753,2.1359305073946078
16.043631992757007,2.443011763259274,16.035546546224353,2.4554812169116444,12.333213310001776,2.1408265613952655
16.044185599822722,2.4408902314371215,15.97354556843445,2.4483864760002167,12.334408061367938,2.1389007415858377
16.044122409898158,2.434722861687713,15.904924345444762,2.4370423359802484,12.331375411834362,2.133227417888143
16.03915973369004,2.433870777784055,15.838791094405474,2.431304067394536,12.325448756798142,2.1322746749205335
16.040520354501613,2.440137302339794,15.78275390648879,2.433012213929717,12.32901833790614,2.1378997023600927
16.04666920249179,2.433718014660294,15.716170289944326,2.421234572824716,12.327349018729914,2.1318463622946933
16.053289702304482,2.4407952256562804,15.654813126742948,2.4231495741943223,12.32041992819429,2.137240011211163
16.04958630144113,2.43121682152179,15.589127577700983,2.4087607789157786,12.317615593123199,2.1286456479260254
16.049490885922435,2.436307287196874,15.529594621923783,2.4091983873204588,12.312830571077782,2.1327269942858504
16.050292786352447,2.4379105832923105,15.463028147720832,2.4057174796009066,12.311198326123362,2.1338554180076246
16.05098838669402,2.4341659304548084,15.401824998280032,2.3970954272802145,12.309500932158318,2.1303460473768836
16.0616222983362,2.4324117698676213,15.34509763863419,2.3902581756347288,12.303628089886217,2.1278839735609756
16.06163795022566,2.4371593445545905,15.2856240527253,2.3903307284724353,12.300390746302307,2.1316434370933153
16.06395974521526,2.436685500518422,15.223323036321919,2.384837381711948,12.294452286721944,2.130575886117478
16.06365075715338,2.4371095702382326,15.165436796215044,2.3806516053237674,12.28994429789763,2.130516548570689
16.060733824092022,2.444725195421846,15.10385688256421,2.383471506202573,12.29297107801046,2.1373561158653773
16.062304346256838,2.4378797708816022,15.04441758757371,2.3720931582319063,12.289095083710807,2.1310191702204935
16.057899140497707,2.435848721665766,14.979183123122322,2.3653629808568577,12.283940482580059,2.129031851146113
16.062801053715127,2.4352908073199817,14.914555230067144,2.359544764161127,12.284418222696752,2.1282637637274027
16.0524212220071,2.438774844678792,14.85349157753278,2.3585529948664283,12.283378888900668,2.1316743122422674
16.05251409958729,2.4306935722748677,14.805570489965199,2.346821162249046,12.281104565989414,2.124534691806864
16.04907884204171,2.42597689132721,14.744883822894378,2.337776070843576,12.274826890455785,2.120142619896715
16.057831262120384,2.435235392156699,14.684630060411438,2.3414967457636284,12.277903359187807,2.1279661710407924
16.05308820754333,2.4300199720694717,14.619236215898844,2.3316122358111286,12.275077097647236,2.1233642379866713
16.05199074959044,2.438814489701998,14.556959976411239,2.335370502309384,12.27347421576395,2.130979509790164
16.055067190375922,2.439520429352045,14.495391203346605,2.330937081262197,12.27537251594266,2.1315204533625027
16.056599508096653,2.4347278282087728,14.43293464169157,2.3212845792071906,12.277710907108382,2.127366454462073
16.059332926275225,2.433599847277773,14.368691239617945,2.315009045623296,12.272587543175742,2.125914014100811
16.064873938340625,2.4309080850235176,14.311103181786233,2.3074454354084017,12.270041199479,2.123061285792519
16.06456462367563,2.4388099258160643,14.24671506036056,2.309819130122761,12.26589651356765,2.129581606288549
16.068143394781668,2.4299716061997634,14.187619869835322,2.296238214942544,12.263043906593822,2.1213931081130815
16.065492116752655,2.433931007989763,14.130460736496179,2.295588695561656,12.259448362840793,2.124652340423199
16.06980184980534,2.442991151850781,14.074480004940895,2.2992425912161085,12.254981093046922,2.1319939997927646
16.072868841024697,2.4462246969993027,14.009306080012127,2.296999697763634,12.254809649050372,2.1344876264526955
16.066482806234117,2.440941441282674,13.950530312394633,2.2875052788817976,12.251481676690211,2.1298557215508103
16.060051911635448,2.438486817653395,13.887182143085486,2.280471338673839,12.254998106276773,2.128171529925677
16.061170436715404,2.435936309926552,13.825918361796075,2.273164589460897,12.242889315009734,2.125186792269382
16.06598547872571,2.439803240406615,13.767517320744876,2.2716516990649387,12.236601840830447,2.1278311400451844
16.059233934193898,2.4343326842237314,13.707456382241968,2.261936096231191,12.239141445692102,2.1233540340900783
16.054410843551036,2.4323621219963627,13.651220502221703,2.2558033954831846,12.2340882115347,2.1215450941691616
16.055936506938114,2.4381364808729873,13.588857561603604,2.25606936899039,12.22914524161316,2.126155182161508
16.0589963014525,2.4431872903407945,13.532713539007025,2.2558121746520947,12.223654340905938,2.129999380551715
16.06586494247534,2.4431405341228434,13.468730111729066,2.250167712861472,12.21846631147318,2.1291438378305694
16.058518461447814,2.442018571376243,13.41612245646393,2.244868797556378,12.219290049127103,2.1284019431992482
16.06701826050169,2.4400902828157696,13.358804316674737,2.2379818986274973,12.216526290604392,2.126101930081594
16.066236064789123,2.436075733758563,13.30365957996515,2.2297064800931388,12.211304258501224,2.1221830789903713
16.07232133584369,2.4433768646109453,13.250950793896369,2.231569071099353,12.206453267180954,2.12784262660214
16.076911299193892,2.443292860274352,13.193883258472777,2.2264884253388244,12.2041007080042,2.1272091789717753
16.07816610698048,2.438919735453788,13.138573204545578,2.2176431973559456,12.205248951994102,2.123240609138365
16.07553112694916,2.439830379226826,13.087163573439376,2.214179138108145,12.197674996771985,2.1236159573045548
16.073694794676488,2.4460843545409494,13.026707650580207,2.2150500042445307,12.197248447102016,2.128982109580833
16.08403123666705,2.444446050325489,12.967231518958561,2.208186069034038,12.198815959307034,2.127082964172275
16.09101152319304,2.442786280628802,12.907792892717442,2.201160501080787,12.195501091779734,2.1249790114901894
16.0890216058014,2.4412419852585883,12.852527839856979,2.194964723873692,12.197383094400726,2.123707916798732
16.083617893387693,2.439681844729227,12.796534547084962,2.1890811591603416,12.195749634440563,2.122462587760236
16.087881352743725,2.4388907490838427,12.739787993865106,2.183293799605409,12.193057262669772,2.1213974280093653
16.088388696400997,2.441621506136744,12.671454407952371,2.1802436949494948,12.193545166241908,2.123666559859795
16.098792679651805,2.445578238990721,12.614971319217453,2.178255230038622,12.182867849413759,2.125920109439955
16.092634000482466,2.439800721033175,12.559724737543565,2.1684946281201585,12.182198193643819,2.1209110160645874
16.092074450278783,2.4398974655641346,12.50106584939041,2.1636669051052726,12.178709907660062,2.120704362301497
16.091427837016337,2.4446746615352177,12.448035526155772,2.1632454397938523,12.171060854765487,2.124337054461437
16.094474315095002,2.441845200570114,12.394019668166196,2.1558355336245003,12.168113601978778,2.1214114498107097
16.09852335445296,2.441498428235354,12.339465171807717,2.15065940634519,12.167852503964783,2.120769375301758
16.10298638353786,2.436007264590923,12.280086508464525,2.1404870475326025,12.167360883928517,2.1156127680855845
16.09959819204441,2.442900159914428,12.229792346144833,2.1421965804107876,12.16532161185841,2.1215633724083296
16.092798488807297,2.4365862636974764,12.178364664497664,2.132397424791507,12.16573996003052,2.116363292890873
16.093785822697953,2.4399539542301687,12.119186377303757,2.130417240078262,12.164802552798422,2.119190350655466
16.09814403100053,2.4395861241397654,12.060162535038309,2.1248854546808125,12.166167991709507,2.1187190010858727
16.096320054156767,2.4405530067524914,12.005666237311871,2.120960516085145,12.164986787019672,2.119544152677121
16.095347360766713,2.4398507036985615,11.948213488661104,2.1154029239041257,12.164643665211955,2.1189256467441537
16.095839682026714,2.447782646472018,11.893959330971354,2.1173979151514426,12.15744499327592,2.1253463730660314
16.100279299310486,2.450861570166884,11.84034549626385,2.115013794380984,12.148108630207032,2.1271299063479994
16.103375855144577,2.4424045808549097,11.779061351901623,2.1022354608575875,12.144628127671716,2.119175616338004
16.10596921647155,2.435489866931769,11.731511622311462,2.0916384407775386,12.140239025063853,2.112635113846916
16.105879285648577,2.4337577639303034,11.67443864284426,2.0851975486316405,12.139731013294409,2.1109194360566
16.108433407144883,2.4380335152803,11.620284150560146,2.0839433550093904,12.132669009660994,2.1139713672808265
16.111970887491964,2.4364552607555137,11.567006022772693,2.077678958833334,12.12792252628077,2.111968126097789
16.11495601919088,2.4406953306330266,11.513596780338364,2.0763686839058573,12.124723633715703,2.115123680299274
16.115860745505845,2.427122155817462,11.457329030660592,2.0596635227725755,12.120293682003943,2.1028378036207314
16.114168707776017,2.433073687072296,11.399987742491644,2.0597260464807,12.118048931544035,2.1077932510192237
16.112202866866713,2.435119588366032,11.347968797166288,2.056824945873562,12.11320281786919,2.1092752912406163
16.1079099477602,2.447298143310251,11.298154124597504,2.06283435443439,12.120263642964732,2.120403330236681
16.109163948594237,2.445563399546835,11.23877383105603,2.0561135496515868,12.1215686208603,2.118929324346007
16.105784376721537,2.444138084976025,11.182546939579115,2.0500189360936885,12.12212749839122,2.117907506558497
16.11399375029291,2.4414136318825883,11.1292476992982,2.042380514250756,12.11700490552488,2.114889199656292
16.11665943865827,2.4404237320746263,11.073539983178808,2.0362955964279528,12.115873766725269,2.1137289721030683
16.118947908066552,2.444608450575605,11.020324302884102,2.034746892586721,12.11701850815129,2.1172419866007464
16.124749966710713,2.445520819975239,10.965433137383695,2.0301654863999983,12.116029978805033,2.1176319034222777
16.11533656439902,2.449746372061181,10.911366716279574,2.0291500771157915,12.122144451624647,2.122026288805631
16.113151059907732,2.434841384615202,10.857178043323874,2.0119516219032336,12.120192129776987,2.1091484486465393
16.10450936190186,2.440753682423134,10.801142166762395,2.012160873160218,12.121150738495121,2.114775928401335
16.102290003038153,2.444468681928533,10.753103335012408,2.0108560993247835,12.121905363062497,2.1182804173566363
16.100925106822956,2.4492841166871755,10.697336441839031,2.0097592157594693,12.122012279468093,2.1225835522155783
16.10377423587126,2.4498345856221495,10.647500032898492,2.0054319431020944,12.120819373404133,2.122917138206065
16.103776700539086,2.441382002964943,10.602780456468794,1.99423857307695,12.118526041033656,2.1154379019552345
16.102305649098085,2.4394552204798843,10.551206065667175,1.9880514052441565,12.117492360569653,2.113702675674932
16.10558508339555,2.4433006823616887,10.49460327524224,1.9860063750549504,12.118035913162778,2.116850348356018
16.109814746384583,2.444126010487037,10.436990302890688,1.9811748554002837,12.121919363261858,2.1175351683444923
16.110353821817853,2.4430992496989723,10.385325501103917,1.9754324307477569,12.120227473594447,2.1164985876431173
16.115271873186447,2.448088268057893,10.33023869349386,1.9741153206853643,12.1192048911673,2.120467270011611
16.114242182895488,2.447913523738557,10.273880211379879,1.9686436358626909,12.116991371932286,2.1201177537651184
16.11319024894105,2.4515447938936563,10.219976343228101,1.9664767046960498,12.119438808534284,2.1234072469730387
16.10773835809279,2.4402777544234313,10.167287684061733,1.9525325019840614,12.121111374756923,2.1139898275510913
16.111726294015735,2.4452000371155953,10.111296352956243,1.9511563170490904,12.120258056067545,2.1180705790899315
16.11744321718538,2.445493156838088,10.062601926071311,1.9463468701586975,12.117394297344452,2.1178747641305105
16.114581517986572,2.448119670853504,10.007488363966775,1.9432636746629082,12.112195532880376,2.1198397883095557
16.117745628867187,2.4410995906886406,9.950284804549486,1.9321245595486929,12.11435240788642,2.113620256286876
16.118920614500713,2.4366984077324205,9.896585310677649,1.9234157448151434,12.116865181119167,2.109857472213284
16.116270494662537,2.438894425678996,9.840414466189086,1.9198826580289898,12.112431508853284,2.111580641536527
16.118289418722682,2.4408051058745093,9.79065724327665,1.9162974944302744,12.111512409876891,2.113068684052492
16.114590230165724,2.4397124913354022,9.7378792855832,1.910531522987477,12.109630398271422,2.112117007787137
16.118884784652984,2.440474779855096,9.684602664800673,1.9058708732738647,12.106229734122932,2.1123186539352816
16.117867153321086,2.448767453984277,9.631131582850497,1.9071779188944826,12.105681527815207,2.1194112722187644
16.11684162199628,2.4469497811889496,9.581269164634776,1.9008365607898436,12.103228172278254,2.1176731898818972
16.111687773348034,2.43773319713043,9.52904646764476,1.8887411365819147,12.099512861931325,2.109619160750291
16.11339558164926,2.444009982043436,9.4698310911512,1.8879433968653878,12.104569887669436,2.1152316337140724
16.107220965272962,2.443657771216702,9.410508434823141,1.8821734339615315,12.106407591384228,2.1153308195648113
16.10410687026534,2.4393028814701903,9.35957451653525,1.873854124582044,12.102346041537844,2.1115476890506564
16.0979893697034,2.4451787254926116,9.305578604337684,1.8732693091976693,12.09627392921198,2.1165582941267154
16.09150191855433,2.4355790855130652,9.25670139083466,1.8612493965354415,12.091460657265012,2.1082335315774476
16.092097420420963,2.4364814874425553,9.206728908682583,1.857006373220802,12.08697139976755,2.1086933784702766
16.08848245504478,2.442594966367296,9.156117514059233,1.8568993721467215,12.08596284505729,2.114018954562131
16.089583767531064,2.449081511958,9.104519210283033,1.856724928671677,12.088927629882965,2.119724718559478
16.09230985492291,2.4384900989187948,9.056421707420537,1.8435955380315145,12.093294599927303,2.1106875515797796
16.0921099430888,2.4394158494715024,9.0055390048963,1.8392456733917653,12.094691584893832,2.1116075050375556
16.088503810360677,2.4442099296092112,8.953029026694056,1.8376425630580489,12.088248696270572,2.115543821812635
16.084821939651633,2.4435125005159577,8.90184245917842,1.8321478920487217,12.090087274771768,2.115191142061335
16.084744578681665,2.433045785362973,8.848707278353933,1.818989361277975,12.089558985999535,2.1060855421168023
16.083518662513548,2.435737662245337,8.798813278985657,1.8160396373017418,12.090184301277503,2.1085277003501357
16.08630120571128,2.4378096059545435,8.744820981617645,1.812153730728848,12.089492255045457,2.110124426574992
16.08948115326334,2.4375261836659727,8.693296946452568,1.8064914467675195,12.089650135723065,2.1096909161581814
16.089170052697238,2.435231529829923,8.641162835596353,1.7994171893862216,12.088165508848007,2.107560910203271
16.089795806185013,2.4389423771397163,8.584516683336082,1.7964132958444634,12.09144585298436,2.110878544279787
16.098493919258974,2.439251316602187,8.531957988034154,1.7907949741225309,12.088222616338854,2.1105369036533355
16.092829649061756,2.4446747755750287,8.478617014388673,1.7893834298342006,12.085293730222599,2.1151984068537417
16.092867719367657,2.447186089467931,8.42555078238775,1.7856577002506266,12.083178304196574,2.1171761713582375
16.092257396062113,2.4393617158911938,8.376084828874951,1.7747806461865336,12.083738707235678,2.110399258165163
16.095938654142117,2.445369719302854,8.321810962915109,1.7734328720098818,12.08189108238045,2.1152572470134157
16.09366528491719,2.448485210484707,8.268976172085429,1.7701399037273993,12.08370827180622,2.1180913100861924
16.09051621791517,2.4458323440796446,8.218201643819594,1.762911874081916,12.082063873700719,2.1158337814173147
16.089407050448674,2.4355727005486654,8.170070075539552,1.7503606624740675,12.077897650166854,2.106739082318475
16.093542100651852,2.438480002725542,8.117189916015787,1.7468314490166912,12.074538220767195,2.108789020546421
16.092638942353627,2.4378045213306447,8.069718232589109,1.741263351894372,12.075424229338461,2.1082086767341437
16.092219541491872,2.4324932906785413,8.019106604579704,1.7320705597800716,12.073520038770933,2.1034405829835494
16.08960553009847,2.4416250421986323,7.968423818822988,1.7333177995215965,12.07328202999016,2.111410081629222
16.094795670773898,2.443442545235513,7.91588136345539,1.7288746470068772,12.066646991251487,2.1122721309637784
16.094155454944623,2.441232462789509,7.86389853359193,1.7217325927291436,12.069899959829302,2.1104322482888067
16.093207263039922,2.436587523501015,7.813340887392364,1.712984431893929,12.068532374886319,2.106321605275314
16.093687799525203,2.4335037845230842,7.762151680564642,1.7053566373613631,12.063015620482735,2.1032262483395363
16.086841743966097,2.4346281542143235,7.71462443621841,1.7011718673329497,12.05661161809839,2.104026508496836
16.092987516585925,2.4335324603082507,7.6656165786834105,1.694811377880889,12.051855324816648,2.1024006963631687
16.09354180543678,2.444417115015122,7.616658032268113,1.6970856601330289,12.05639212615118,2.111929958644418
16.087899333883488,2.4452257974422156,7.5625210895995485,1.6919665877876602,12.056307483252398,2.112793406053292
16.084987911938445,2.439194996303221,7.5128332708408685,1.6824342634778424,12.055114477817103,2.1076436417431608
16.077720781284537,2.4381163365390925,7.464099062707007,1.676669659631006,12.055119499174438,2.1070562182983354
16.077240888443853,2.44591586312808,7.414434623105939,1.676577591629462,12.051909959176932,2.1136714877208322
16.0801233412668,2.436657752055968,7.358619180451418,1.6641239401863006,12.050934097630304,2.1053744608595277
16.084957601046625,2.4403250046487037,7.3094408215332,1.6608956788583051,12.046039784333395,2.107976638079199
16.08438558772315,2.445087003805575,7.261782907836102,1.658730279075933,12.045902833077754,2.111992816585665
16.072501683252835,2.4441141724297726,7.208975930497997,1.65256784736112,12.042841384201685,2.111397098790965
16.065399781403617,2.434996025017163,7.1591836865449405,1.6410706690445052,12.039935214618355,2.1036621695580626
16.05887187212974,2.4356921545927848,7.111368241902997,1.6363299654157668,12.03771704358338,2.1044767092636496
16.05484538199558,2.435002050276046,7.059825519444129,1.6303252894270308,12.034196869074366,2.1038596296300534
16.054746610157835,2.435448588819157,7.008182832539805,1.624881815213072,12.035628235892801,2.104325448016044
16.053783583430782,2.4375304731734766,6.957959852487379,1.6205348378020454,12.03422210505522,2.1060931553816076
16.059678621537664,2.4398020713767012,6.909592008311017,1.6162632988144103,12.035037287871939,2.107831516316188
16.05455595718296,2.447350788239114,6.8588738673283585,1.6155716663679378,12.03531323883091,2.114555468345768
16.05696567774629,2.4439148272968403,6.809136161746066,1.6075306109949974,12.035423631780748,2.1114578759562987
16.06008565600947,2.447237675585635,6.759710646913605,1.6038131121581916,12.037300634316374,2.114269039670581
16.050642018318335,2.4513674703856614,6.709823110047388,1.6009784661542101,12.037281115959223,2.1182508545685685
16.05282793713475,2.442038034966893,6.664633378980369,1.5893338636764525,12.033078260920165,2.1098753810050277
16.051941131057212,2.444218351168666,6.615431047096208,1.5850766228352569,12.03137340222273,2.1116413109812973
16.038044768012167,2.4406884098637236,6.568261700077489,1.577678459739194,12.026987550716308,2.1089121709712018
16.040122685777114,2.4375891724814847,6.520968852419228,1.5700935037321468,12.025964862309381,2.1060890891580417
16.046637380312365,2.4309516477752715,6.46913368684942,1.5596338500868463,12.030542365310762,2.100256781445786
16.041724333216173,2.4336925134436624,6.41800132592913,1.5555822286973378,12.034263226109672,2.103058403491591
16.037538096100068,2.429679332145379,6.3711032251120345,1.5474172569080467,12.030532010614662,2.099621621278533
16.033832833412028,2.43011621988321,6.322251490857613,1.5421912350700049,12.029691827154268,2.100117245870453
16.034458479965526,2.426297001995824,6.274652090180121,1.5340318230921113,12.028926501525424,2.096724404713148
16.039288046293507,2.4328408489900712,6.225483984636132,1.5321295072373597,12.021104579044861,2.1016366227581873
16.04795967231689,2.4384864154534722,6.176670759528457,1.5295017329004803,12.018662088016345,2.1057859752098596
16.04358292700023,2.4329091476682363,6.125665585399542,1.5200501462625202,12.0184481954045,2.1008922235453635
16.049758727689934,2.4354868588040093,6.074356774069273,1.5152983046857018,12.020483188330365,2.1028302836899386
16.04620473454247,2.440711335425697,6.0252366665155765,1.5124341441336868,12.017251813064782,2.1072247230510746
16.033942532745797,2.4370519307918714,5.9770387493507,1.5045350527282648,12.022777486717922,2.10492685583713
16.030820382909845,2.441767303664171,5.9244539870133455,1.501337369126421,12.021286032831396,2.1091419105405538
16.027082229977076,2.4385674637959918,5.874260229238095,1.493321102261463,12.027480656245244,2.1069709319087035
16.029524652213848,2.432284453178471,5.8254832216061265,1.4833708485978405,12.031912413320981,2.101799460327564
16.029954821596988,2.4255452361315655,5.777078327564935,1.4733290008061755,12.034534128305067,2.0961620531788667
16.027938393859085,2.4342915474185194,5.7257130399966405,1.4723573021627323,12.036879044248247,2.1040018316407227
16.02591721967862,2.4378449818065024,5.677981607881143,1.4683458477253872,12.03095840508157,2.106874365832664
16.02894646639685,2.435729617199142,5.631336128868688,1.4610009171471372,12.028274896011537,2.1047032396025016
16.02453147895305,2.433215744588457,5.5792813527127985,1.4530517807577101,12.023525085871743,2.102294272329463
16.02873934349941,2.4362967533644655,5.529099361305985,1.44846168746445,12.02570685331547,2.1048132233818957
16.031475224769355,2.4364582217812063,5.480699290444226,1.4422222045540174,12.021509488214216,2.104472533038782
16.030907395146123,2.433678272025571,5.431173185734656,1.434093619657293,12.018177387920224,2.101730693284126
16.028769682805358,2.4333332599475432,5.382044100028523,1.4274929111741101,12.016390643354935,2.10131001729543
16.034691120271344,2.4366056736207122,5.3327480627603405,1.4228770504369772,12.015781926559011,2.1037458068343096
16.02944229387001,2.435422619785427,5.283872126731979,1.4159730938780692,12.017087175016982,2.1029126918682164
16.032120306232347,2.4444223942847123,5.236426888800765,1.4148615449541861,12.014985125699557,2.1104229329918653
16.033359799480994,2.438344311722265,5.187084208358274,1.4048636360364182,12.014737369661214,2.1049498459491205
16.030298280213362,2.440625373875468,5.1374188308905975,1.3998307410917794,12.018491575242498,2.1071880494631867
16.032764422071477,2.438295633560948,5.087774369861032,1.3917224098900647,12.013092291940636,2.1046803926028432
16.02815363099084,2.4370647355884656,5.037936255377066,1.3845338422404654,12.01790696465735,2.104023444891393
16.027400131094165,2.4363799809956497,4.989253598017584,1.3774318759874966,12.01750909391516,2.1034815215197336
16.028793660047413,2.4243144473928346,4.938966594275786,1.3638540799996284,12.01855970545001,2.0930198425789275
16.02436467154209,2.4320453081728037,4.890020588016289,1.361864399522427,12.021562962671075,2.1001019345536287
16.01978552730249,2.4339408361171455,4.841580105831709,1.356449888296186,12.020478684378894,2.101906429994973
